Id,Name,DaysSigned,DaysMissed
99,Shri  T.R.  Baalu,7,0
98,Shri  Sheesh Ram  Ola,5,2
97,Shri  P.  Viswanathan,6,1
95,Shri  Mahadev  Singh,3,4
94,Shri  Takam  Sanjoy,7,0
93,Shri  Mohammad Asrarul  Haque,7,0
92,Shri  Ismail Hussain,7,0
91,Shri  Ramesh  Kumar,7,0
90,Shri  Mahabal  Mishra,7,0
8,Shri  M. Veerappa  Moily,1,6
89,Shri  Ravneet  Singh,5,2
88,Shri  Sabbam  Hari,4,3
85,Shri  Vijay Inder  Singla,5,2
84,Shri  K.C.  Singh Baba,6,1
83,Shri  Ashok  Tanwar,7,0
82,Shri  Hamdullah  Sayeed,6,1
81,Shri  Mohammed  Azharuddin,7,0
80,Chaudhary  Lal  Singh,6,1
79,Shri  Madan Lal  Sharma,7,0
78,Shri  Vincent H.  Pala,7,0
78,Shri  Vijay  Bahuguna,7,0
77,Shri  Satpal  Maharaj,7,0
76,Shri  Madhu Goud  Yaskhi,6,1
75,Shri  Naveen  Jindal,6,1
74,Shri  Arun  Yadav,4,3
73,Shri  J.M.  Aaron Rashid,5,2
72,Shri  Sandeep  Dikshit,6,1
71,Shri  Lal Chand  Kataria,7,0
70,Dr.  Krupa Rani  Killi,6,1
69,Shri  P.  Balram  Naik,6,1
68,Smt.  Deepa  Dasmunsi,5,2
67,Shri  Ninong  Ering,7,0
66,Shri   Sarvey  Sathyanarayana,7,0
65,Smt.  Ranee  Narah,7,0
64,Shri  Adhir Ranjan  Chowdhury,5,2
63,Shri  A.H.   Khan  Choudhury,6,1
62,Shri  K. J.S.P.  Reddy,4,3
60,Shri    Kodikunnil  Suresh,5,2
59,Shri  Milind  Deora,3,4
58,Dr.  Charan Das  Mahant,7,0
57,Shri  K. C.  Venugopal,7,0
56,Shri  Pradeep  Jain   Aditya,1,6
55,Dr.  Shashi  Tharoor,4,3
550,Smt.  Jat Poonamben  Veljibhai,7,0
54,Shri  R.P.N.  Singh,3,4
549,Shri  Murarilal  Singh,4,3
548,Shri  Nalin Kumar  Kateel,5,2
547,Shri    Naranbhai   Kachhadia,7,0
546,Shri  Natubhai Gomanbhai  Patel,6,1
545,Shri  Nishikant  Dubey,7,0
544,Smt.  Jayshreeben  Kanubhai    Patel,7,0
543,Ms.  J.  Shantha,5,2
542,Smt.  Jyoti  Dhurve,4,3
541,Smt.  Kamla Devi  Patle,5,2
540,Shri  Janardhana  Swamy,7,0
53,Shri  Pratik  Patil,6,1
539,Shri  K. D.  Deshmukh,5,2
538,Dr.  Kiritbhai  Premajibhai    Solanki,7,0
537,Shri  Lalubhai  B.  Patel,7,0
536,Shri  Madhusudan  Yadav,7,0
535,Shri  Chauhan  Mahendrasinh,7,0
534,Shri  Makhansingh  Solanki,6,1
533,Shri  Pradeep Kumar  Singh,7,0
532,Shri  Sonawane  Pratap Narayanrao,7,0
531,Shri  Shivraj  Bhaiya,7,0
530,Shri  A.T. Nana  Patil,7,0
52,Dr.  Tusharbhai   A.  Chaudhari,6,1
529,Shri  Arjun Ram  Meghwal,7,0
528,Shri  B. Y.  Raghavendra,6,1
527,Shri  Balkrishna Khanderao  Shukla,6,1
526,Shri  C. R.  Patil,7,0
525,Shri  Devji M.  Patel,6,1
524,Dr.  Bhola  Singh,7,0
523,Shri  Devidhan  Besra,7,0
521,Shri  Pashupati Nath  Singh,7,0
520,Shri  Prabhatsinh  Pratapsinh Chauhan,5,2
51,Shri  S.  Gandhiselvan,1,6
519,Dr.  Sanjay  Jaiswal,5,2
518,Shri  Sudarshan  Bhagat,7,0
517,Shri  Bhupendra  Singh,7,0
516,Shri  Chandulal Sahu  Chandu Bhaiya,6,1
515,Shri  Dinubhai  Boghabhal   Solanki,4,3
514,Shri  Govind Prasad  Mishra,7,0
513,Shri  Uday  Singh,2,5
512,Shri  Bishnu Pada  Ray,5,2
511,Shri  Dushyant  Singh,7,0
510,Shri   G.M.  Siddeswara,6,1
509,Shri  Haribhau  Jawale,7,0
508,Shri  Harischandra Deoram  Chavan,4,3
507,Shri  Navjot Singh  Sidhu,4,3
506,Shri  P.C.  Gaddigoudar,7,0
505,Shri  Sanjay  Dhotre,6,1
504,Shri  Prahlad  Joshi,7,0
503,Shri  Kirti  Azad,7,0
502,Shri  Ravindra Kumar  Pandey,7,0
501,Shri  Ramesh Chandappa  Jigajinagi,5,2
500,Shri  Ramsinhbhai Patalbhai  Rathwa,6,1
499,Shri  Sohan  Potai,5,2
498,Shri  Hansraj Gangaram  Ahir,6,1
497,Shri  Rajen  Gohain,7,0
496,Shri  Raosaheb  Dadarao  Danve,7,0
495,Shri  Anurag Singh  Thakur,2,5
494,Shri  Rakesh  Singh,7,0
493,Shri  Ganesh  Singh,7,0
492,Shri    Virendra Kumar,7,0
491,Shri  Ashok  Argal,7,0
490,Shri  Lalji  Tandon,7,0
490,Shri  Baliram  Kashyap,1,6
48,Smt.    Preneet Kaur,5,2
489,Shri  D.B. Chandre  Gowda,6,1
488,Shri  G.S.  Basavaraj,7,0
487,Shri  Mansukhbhai Dhanjibhai  Vasava,5,2
486,Shri  Ram Singh  Kaswan,6,1
485,Shri  Ramakant  Yadav,4,3
484,Shri  Anant Kumar  Hegde,7,0
483,Shri  Dilip Kumar Mansukhlal  Gandhi,7,0
482,Shri  Nikhil Kumar  Choudhary,4,3
481,Shri  Shripad Yesso  Naik,5,2
480,Shri  Radha Mohan  Singh,7,0
479,Shri  Vishnu Deo  Sai,7,0
478,Smt.  Yashodhara Raje  Scindia,6,1
478,Shri  D.V. Sadananda  Gowda,6,1
477,Shri  Narendra Singh  Tomar,5,2
476,Shri  Rajendrasinh  Rana,7,0
475,Shri  Yogi  Adityanath,7,0
474,Smt.  Sumitra  Mahajan,7,0
473,Shri  Kailash  Joshi,7,0
472,Shri  Arjun  Munda,6,1
471,Shri  Harin  Pathak,7,0
470,Smt.  Bijoya  Chakravarty,7,0
46,Shri  S.S.  Palanimanickam,2,5
469,Shri  Dilip Singh  Judev,7,0
468,Shri  Kabindra  Purkayastha,7,0
467,Smt.  Maneka  Gandhi,6,1
466,Shri  Jaswant  Singh,4,3
465,Shri    Ananth Kumar,7,0
464,Shri  Ramesh  Bais,7,0
463,Shri  Yashwant  Sinha,7,0
462,Shri  Hukamdeo Narayan  Yadav,7,0
461,Shri  Syed Shahnawaz  Hussain,6,1
460,Shri  Shatrughan  Sinha,4,3
459,Shri  Karia  Munda,6,1
458,Smt.  Sushma  Swaraj,5,2
456,Shri   Gopinathrao  Pandurang   Munde,7,0
455,Shri  Rajnath  Singh,7,0
454,Dr.  Murli Manohar  Joshi,7,0
453,Shri  S.  Pakkirappa,5,2
452,Shri  Ramesh  Vishwanath   Katti,7,0
451,Dr.  Rajan  Sushant,7,0
450,Shri  Udasi Shivkumar  Chanabasappa,7,0
449,Shri  Shivarama  Gouda,7,0
448,Shri  Virender  Kashyap,6,1
447,Shri  Joseph  Toppo,7,0
446,Shri  Sher Singh  Ghubaya,4,3
445,Shri  Maheshwar  Hazari,7,0
444,Shri  Kaushalendra  Kumar,7,0
442,Shri  Laxman  Tudu,5,2
441,Shri  Sidhant  Mohapatra,7,0
440,Shri   Raju Shetti,4,3
43,Smt.  D.  Purandeswari,1,6
439,Shri    Varun  Gandhi,2,5
438,Shri  Rajendra  Agarwal,6,1
437,Prof.(Dr.)  Ram Shankar  Katheria,6,1
436,Shri  Kamlesh  Paswan,4,3
435,Shri   Bhausaheb  Rajaram   Wakchaure,6,1
434,Shri  Bhudeo  Choudhary,7,0
433,Smt.  Meena  Singh,6,1
432,Adv.   Ganeshrao  Nagorao Dudhgaonkar,6,1
431,Shri  Gajanan D.  Babar,7,0
430,Shri  Y.S.Jagan Mohan  Reddy,7,0
429,Shri  Kristappa  Nimmala,7,0
428,Shri  Kalikesh N. Singh  Deo,7,0
427,Shri  Yashbant N.S.  Laguri,6,1
426,Kum.  Saroj  Pandey,6,1
425,Smt.  Darshana  Jardosh,7,0
424,Shri  Purnmasi  Ram,7,0
423,Shri  Mahabali  Singh,6,1
422,Shri  Subhash Bapurao  Wankhede,4,3
421,Shri  Nityananda  Pradhan,7,0
420,Dr.  Kirodi  Lal  Meena,6,1
41,Shri  Mullappally  Ramachandran,7,0
419,Shri  Naramalli  Sivaprasad,7,0
418,Shri  Modugula Venugopala  Reddy,7,0
417,Shri  Hari  Manjhi,7,0
416,Shri  Jeetendra Singh  Bundela,7,0
415,Shri  P. C.  Mohan,7,0
414,Smt.  Aswamedh  Devi,7,0
413,Shri  Arjun  Roy,7,0
412,Shri   Prataprao  Ganpatrao Jadhav,6,1
411,Shri  A.  Ganeshamurthi,5,2
410,Shri  Rudramadhab  Ray,6,1
409,Shri  Jayaram  Pangi,7,0
408,Shri  K. Narayana  Rao,7,0
407,Shri  Nripendra Nath  Roy,6,1
406,Smt.    Rama Devi,7,0
405,Shri  Ramen  Deka,7,0
404,Shri  Angadi Suresh  Channabasappa,7,0
403,Shri  Baidyanath Prasad  Mahto,7,0
402,Shri  Vishwa Mohan  Kumar,7,0
400,Shri  Baijayant  Panda,6,1
3,Smt.  Sonia  Gandhi,5,2
39,Shri  Manish  Tewari,5,2
399,Shri  Pinaki  Misra,2,5
398,Ms.  M. Vijaya  Shanthi,2,5
397,Shri  Ramesh  Rathod,7,0
396,Shri  Narahari  Mahato,7,0
394,Shri  Sushil Kumar  Singh,5,2
393,Shri  Jagdish  Sharma,7,0
392,Shri  Anand Prakash  Paranjpe,6,1
391,Shri  Mohan  Jena,7,0
390,Smt.  Paramjit Kaur  Gulshan,7,0
38,Shri  Jitender  Singh,7,0
389,Smt.  Harsimrat Kaur  Badal,7,0
388,Shri  Nama Nageswara  Rao,7,0
387,Dr.  Monazir  Hassan,6,1
386,Capt.(Retd.)  Jainarayan Prasad  Nishad,7,0
385,Dr.  Ranjan Prasad  Yadav,6,1
384,Shri  Shivaji  Adhalrao Patil,5,2
383,Shri  Tathagata  Satpathy,4,3
382,Smt.  Jaya Prada  Nahata,6,1
381,Shri  Inder Singh  Namdhari,7,0
381,Shri  Digvijay  Singh,5,2
380,Shri   Mangani Lal  Mandal,7,0
379,Shri  Dinesh Chandra  Yadav,7,0
378,Smt.  Bhavana  Gawali,4,3
377,Shri  Prasanna  Kumar Patasani,5,2
376,Dr.  Rattan Singh  Ajnala,7,0
375,Shri  K. Chandrasekhar  Rao,1,6
374,Shri  Rajiv Ranjan  Singh  @ Lalan Singh,7,0
373,Shri  Anandrao  Adsul,4,3
372,Shri  Chandrakant  Khaire,5,2
371,Shri  P.  Karunakaran,7,0
370,Shri  Bhartruhari  Mahtab,7,0
369,Shri  Ram Sundar  Das,7,0
368,Shri  Anant Gangaram  Geete,6,1
367,Shri  Arjun Charan  Sethi,6,1
366,Shri  Sharad  Yadav,3,4
365,Shri  Basudeb  Acharia,7,0
364,Dr.  Tarun  Mondal,4,3
363,Shri  Mekapati Rajamohan  Reddy,7,0
362,Shri  Prasanta Kumar  Majumdar,7,0
361,Shri  Sakti  Mohan   Malik,7,0
360,Shri  Bibhu Prasad  Tarai,5,2
35,Shri  Bharatbhai Madhavsinh  Solanki,3,4
359,Shri  Kadir  Rana,7,0
358,Shri  Surendra Singh  Nagar,6,1
357,Shri  Kapil Muni  Karwariya,6,1
356,Shri  Radhey Mohan  Singh,5,2
355,Shri  Yashvir  Singh,7,0
354,Shri    Mithlesh Kumar,7,0
353,Shri  Kabir  Suman,7,0
352,Dr.  Ratna  De (Nag),6,1
351,Dr.  Padamsinha  Bajirao  Patil,2,5
350,Shri  P.  Kumar,7,0
349,Shri  P.  Lingam,7,0
348,Shri  M. B.  Rajesh,7,0
347,Shri  P. K.  Biju,6,1
346,Shri  Ramashankar  Rajbhar,7,0
345,Shri  Deoraj Singh  Patel,6,1
344,Shri  Arvind Kumar  Chaudhary,7,0
343,Shri  Kamlesh  Balmiki,5,2
342,Shri  Ghanshyam  Anuragi,7,0
341,Shri  Pakauri  Lal,7,0
340,Dr.  Sucharu Ranjan  Haldar,7,0
339,Shri  Tapas  Paul,3,4
338,Smt.  Satabdi  Roy,7,0
337,Shri  C.  Sivasami,7,0
336,Shri  Mahendra Kumar  Roy,7,0
335,Sk.   Saidul  Haque,7,0
334,Shri  Gorakh Prasad  Jaiswal,7,0
333,Shri  Rakesh  Pandey,5,2
332,Shri  Bal Kumar  Patel,7,0
331,Smt.  Usha  Verma,5,2
330,Shri    Suvendu   Adhikari,2,5
32,Prof.  K.V.  Thomas,7,0
329,Shri  Ambica  Banerjee,7,0
328,Shri  K.  Sugumar,7,0
327,Shri  Pulin Bihari  Baske,7,0
326,Dr.  Anup Kumar  Saha,7,0
325,Smt.  Susmita  Bauri,6,1
324,Shri  Dhananjay  Singh,7,0
323,Shri    Gorakhnath  Pandey,7,0
322,Shri  Neeraj  Shekhar,6,1
321,Shri  Dharmendra  Yadav,6,1
320,Shri  Premdas  Katheria,7,0
319,Shri  Gobinda Chandra  Naskar,6,1
318,Shri  Dinesh  Trivedi,5,2
317,Shri  M.  Anandan,7,0
316,Shri  Manohar  Tirkey,7,0
315,Adv.  A.  Sampath,7,0
314,Shri  P.R.  Natarajan,7,0
313,Smt.  Kaisar  Jahan,5,2
312,Smt.  Raj Kumari  Chauhan,6,1
311,Shri  Rakesh  Sachan,7,0
310,Shri    Ramkishun,7,0
30,Smt.  Chandresh  Kumari,7,0
309,Shri  S.K. Nurul  Islam,4,3
308,Choudhury Mohan  Jatua,2,5
307,Shri  Madhu  Koda,7,0
306,Shri  C.  Rajendran,7,0
306,Shri    Bhajan Lal,6,1
305,Shri  P.  Venugopal,7,0
304,Shri  Bansagopal  Chowdhury,6,1
303,Shri  Prabodh  Panda,6,1
302,Smt. Tabassum  Hasan,4,3
301,Smt.  Seema  Upadhyay,6,1
300,Smt.  Sushila  Saroj,7,0
29,Shri  Harish  Rawat,5,2
299,Shri  R.K. Singh  Patel,7,0
298,Shri  O. S.  Manian,7,0
297,Shri  Khagen  Das,7,0
296,Dr.  Ram Chandra  Dome,7,0
295,Shri  Vijay Bahadur  Singh,7,0
294,Shri  Jagdish Singh  Rana,7,0
293,Shri  Tufani  Saroj,7,0
292,Shri  Brij Bhushan Sharan  Singh,7,0
291,Shri  Kalyan  Singh,6,1
290,Shri  S.  Semmalai,7,0
28,Shri  M.M.  Pallam  Raju,1,6
289,Shri  Baju Ban  Riyan,7,0
288,Dr.  Shafiqur Rahman  Barq,7,0
287,Shri  Ashok Kumar  Rawat,7,0
286,Shri  Akhilesh  Yadav,7,0
285,Dr.  M.  Thambidurai,7,0
284,Shri  Bhisma  Shankar Alias Kushal Tiwari,7,0
283,Shri  Shailendra  Kumar,7,0
282,Prof.  Saugata  Ray,7,0
280,Shri  Gurudas  Das Gupta,7,0
279,Dr.    Bali Ram,6,1
278,Kunwar  Rewati Raman  Singh,7,0
277,Shri  H.D.  Devegowda,6,1
276,Shri  Mulayam Singh  Yadav,6,1
275,Shri  C. L.  Ruala,7,0
274,Shri  Sanjay  Bhoi,6,1
273,Shri  Hemanand  Biswal,6,1
272,Shri  Amarnath  Pradhan,7,0
271,Shri  Pradeep  Majhi,7,0
270,Shri  Thangso  Baite,7,0
26,Shri  Dinsha  Patel,1,6
269,Dr.  Nilesh N.  Rane,7,0
268,Shri  Jaywant  Gangaram   Awale,7,0
267,Shri   Suresh  Kashinath   Taware,4,3
266,Shri  Marotrao  Sainuji   Kowase,5,2
265,Shri  Premchand  Guddu,7,0
264,Shri  Uday Pratap  Singh,5,2
263,Shri  S. R.  Jeyadurai,6,1
262,Smt.  J. Helen Davidson,6,1
261,Shri  Uma Shanaker  Singh,7,0
260,Shri  Jagada Nand  Singh,6,1
25,Shri  Beni Prasad  Verma,7,0
259,Shri   Baliram  Jadhav,7,0
258,Shri  C. M.  Chang,6,1
257,Shri  Prem Das  Rai,7,0
256,Shri  Thol Thirumaavalavan,7,0
255,Shri  N. Cheluvaraya Swamy,5,2
254,Shri  Kameshwar  Baitha,1,6
253,Shri  Jose K.  Mani,7,0
252,Shri  Narayan Singh  Amlabe,7,0
251,Shri  Sanjay Dina  Patil,7,0
250,Shri    Sivakumar @  Ritheesh,4,3
24,Shri  V. Kishore Chandra S.  Deo,6,1
249,Shri  Om Prakash  Yadav,4,3
248,Shri  N.  Peethambarakurup,7,0
247,Shri  Anto  Antony,7,0
246,Shri  M. I.  Shanavas,7,0
245,Adv.  P. T.  Thomas,7,0
244,Shri  Partap Singh  Bajwa,7,0
243,Shri  Mohinder Singh  Kaypee,4,3
240,Shri  Zafar Ali  Naqvi,7,0
239,Shri  Bharat Ram  Meghwal,7,0
238,Shri  Raja Ram  Pal,7,0
237,Shri  Ratan  Singh,7,0
236,Shri  Khiladi Lal  Bairwa,5,2
235,Shri  Badri Ram  Jakhar,7,0
234,Shri  Harish  Choudhary,7,0
233,Shri  Raghuvir Singh  Meena,7,0
232,Shri  Gopal  Singh  Shekhawat,6,1
231,Shri  E. T. Muhammed  Basheer,7,0
230,Shri  Ijyaraj  Singh,7,0
229,Shri  Mahesh  Joshi,7,0
228,Shri  Sharief Ud Din  Shariq,7,0
227,Shri  S. S.  Ramasubbu,7,0
226,Shri  Pradeep  Tamta,7,0
225,Shri  Praveen Singh  Aron,5,2
224,Shri  Harsh  Vardhan,2,5
223,"Dr.  Vinay Kumar  Panday ""Vinnu""",6,1
222,Shri  Kamal  Kishor   Commando,5,2
221,Shri  P.L.  Punia,7,0
220,Shri  Jitendra  Singh Malik,6,1
219,Shri  Rajaiah  Siricilla,7,0
218,Shri  K. R. G.  Reddy,7,0
217,Dr.  Kakoli Ghosh  Dastidar,4,3
216,Shri  Sultan  Ahmed,1,6
215,Shri  H.D.  Kumaraswamy,6,1
214,Shri  N.Dharam  Singh,7,0
213,Shri  Jagdambika  Pal,7,0
212,Shri  Mirza Mehboob  Beg,7,0
211,Shri  Babu Lal  Marandi,5,2
210,Shri  Badruddin  Ajmal,7,0
209,Shri  Sisir Kumar  Adhikari,1,6
208,Shri  Somendranath  Mitra,6,1
207,Shri    Abdul Rahman,4,3
206,Shri  R.  Thamaraiselvan,6,1
205,Shri  Sadashivrao Dadoba  Mandlik,5,2
204,Shri  Hassan  Khan,7,0
203,Dr.  Raghuvansh Prasad  Singh,7,0
202,Shri  Sansuma Khunggur  Bwiswmuthiary,5,2
201,Shri  Asaduddin  Owaisi,6,1
200,Dr.  Sanjeev Ganesh  Naik,6,1
199,Shri    Adhi Sankar,6,1
198,Shri  E.G.  Sugavanam,6,1
197,Shri  A.K.S.  Vijayan,6,1
196,Shri  Kalyan  Banerjee,7,0
195,Shri  D.  Venugopal,6,1
194,Shri  Sameer  Bhujbal,5,2
193,Shri   Udayanraje  Bhonsle,4,3
192,Smt.  Supriya  Sule,6,1
191,Shri  Sudip  Bandyopadhyay,6,1
190,Shri  T.K.S.  Elangovan,5,2
188,Shri    Lalu Prasad,7,0
187,Shri  Dara Singh  Chauhan,6,1
186,Shri  K. P.  Dhanapalan,7,0
185,Shri  M. K.  Raghavan,7,0
183,Shri  K.  Sudhakaran,7,0
182,Shri  R.  Dhruvanarayana,7,0
181,Shri  Adagooru  Vishwanath,7,0
180,Shri  Jagdish  Thakor,7,0
17,Dr.  C. P.  Joshi,2,5
179,Shri  Mukeshkumar  Bheiravdanji  Gadhvi,7,0
178,Shri  Suresh Kumar  Shetkar,7,0
177,Dr.  G.  Vivekanand,6,1
176,Shri   Vitthalbhai  Harnsrajbhai   Radadiya,3,4
175,Shri  Kuvarjibhai Mohanbhai  Bavalia,7,0
174,Shri  Basori Singh  Masram,6,1
173,Shri  S.  Alagiri,7,0
172,Shri  Abdul Mannan  Hossain,6,1
171,Shri  Sajjan Singh  Verma,7,0
170,Shri  Prabhakar  Ponnam,6,1
169,Shri  Manicka  Tagore,7,0
168,Shri  Devendra  Nagpal,7,0
167,Dr.  Jyoti  Mirdha,7,0
166,Smt.  Meenakshi  Natrajan,5,2
165,Smt.  Annu  Tandon,7,0
164,Smt.  Sarika  D.S. Baghel,6,1
163,Ms.  Mausam  Noor,7,0
162,Smt.  Rajesh Nandini  Singh,7,0
161,Dr.  Prabha Kishore  Taviad,7,0
160,Smt.  Shruti  Choudhry,7,0
158,Dr.  Nirmal  Khatri,7,0
157,Shri  M.  Krishnaswamy,6,1
156,Dr.  Thokchom  Meinya,7,0
155,Shri  Eknath  Gaikwad,7,0
154,Shri  Kishan V.  Patel,6,1
153,Shri    Bapiraju  Kanumuru,7,0
151,Smt.    Botcha Jhansi Lakshmi,7,0
150,Shri    Lagadapati   Rajagopal,6,1
14,Shri  Paban Singh  Ghatowar,7,0
149,Shri  Vikrambhai Arjanbhai  Maadam    Ahir,7,0
148,Shri  Lalit  Mohan  Suklabaidya,7,0
147,Shri  S.P.Y.  Reddy,4,3
146,Shri  Aruna Kumar  Vundavalli,7,0
145,Shri  G.V.  Harsha Kumar,5,2
144,Shri  Gutha  Sukender Reddy,5,2
143,Shri  Anjan Kumar  Yadav. M,5,2
142,Shri  Sanjay Singh  Chauhan,7,0
141,Shri  Gajendra Singh  Rajukhedi,6,1
140,Sardar  Sukhdev  Singh    Libra,7,0
139,Smt.  Santosh  Chowdhary,5,2
138,Smt.  Priya  Dutt,4,3
137,Rajkumari  Ratna  Singh,6,1
136,Km.  Agatha K.  Sangma,3,4
135,Shri  Tarachand  Bhagora,7,0
134,Shri  Bhakta Charan  Das,5,2
133,Shri  Deepender Singh  Hooda,7,0
132,Shri  Bhaskarrao  Patil  Khatgaonkar,4,3
131,Shri  Jayant  Chaudhary,7,0
130,Dr.  Sanjay  Singh,7,0
12,Shri  Mallikarjun  Kharge,1,6
129,Dr.  Arvind Kumar  Sharma,5,2
128,Shri  N.S.V.  Chitthan,7,0
127,Shri  Magunta Srinivasulu  Reddy,5,2
126,Shri  Francisco  Sardinha,7,0
124,Shri  Dip  Gogoi,6,1
123,Shri  Sanjay  Nirupam,5,2
122,Shri  Mukul  Wasnik,2,5
121,Shri  Inderjit Singh  Rao,5,2
120,Dr.  Girija  Vyas,7,0
11,Shri  Ajit  Singh,7,0
119,Shri  P.C.  Chacko,7,0
118,Shri  Avtar Singh  Bhadana,4,3
117,Shri  Somabhai Gandalal Koli  Patel,7,0
116,Shri  A. Venkatarami  Reddy,7,0
115,Dr.  Manda  Jagannath,6,1
113,Shri   Rayapati S.  Rao,4,3
112,Shri  Datta  Meghe,6,1
111,Shri  Virbhadra  Singh,3,4
110,Shri  Jai Prakash  Agarwal,7,0
108,Dr.  Kavuri Samba Siva  Rao,6,1
107,Shri  Biren Singh  Engti,7,0
106,Dr.    Chinta Mohan,7,0
104,Shri  A. Sai Prathap,2,5
102,Shri  Suresh  Kalmadi,7,0
101,Shri  Manikrao Hodlya  Gavit,3,4
100,Shri  Vilasrao Baburao  Muttemwar,2,5
