Id,Name,DaysSigned,DaysMissed,Gender,State,Party,Constituency
3,Smt.  Sonia  Gandhi,5,2,0,Uttar Pradesh,INC,Rai Bareli
8,Shri  M. Veerappa  Moily,1,6,1,Karnataka,INC,Chikballapur
11,Shri  Ajit  Singh,7,0,1,Uttar Pradesh,RJD,Baghpat
12,Shri  Mallikarjun  Kharge,1,6,1,Karnataka,INC,Gulbarga
14,Shri  Paban Singh  Ghatowar,7,0,1,Assam,INC,Dibrugarh
17,Dr.  C. P.  Joshi,2,5,1,Rajasthan,INC,Bhilwara
24,Shri  V. Kishore Chandra S.  Deo,6,1,1,Andhra Pradesh,INC,Aruku
25,Shri  Beni Prasad  Verma,7,0,1,Uttar Pradesh,INC,Gonda
26,Shri  Dinsha  Patel,1,6,1,Gujarat,INC,Kheda
28,Shri  M.M.  Pallam  Raju,1,6,1,Andhra Pradesh,INC,Kakinada
29,Shri  Harish  Rawat,5,2,1,Uttarakhand,INC,Hardwar
30,Smt.  Chandresh  Kumari,7,0,0,Rajasthan,INC,Jodhpur
32,Prof.  K.V.  Thomas,7,0,1,Kerala,INC,Ernakulam
35,Shri  Bharatbhai Madhavsinh  Solanki,3,4,1,Gujarat,INC,
38,Shri  Jitender  Singh,7,0,1,Haryana,INC,Sonipat
39,Shri  Manish  Tewari,5,2,1,Punjab,INC,Ludhiana
41,Shri  Mullappally  Ramachandran,7,0,1,Kerala,INC,Vadakara
43,Smt.  D.  Purandeswari,1,6,0,Andhra Pradesh,INC,Visakhapatnam
46,Shri  S.S.  Palanimanickam,2,5,1,Tamil Nadu,DMK,Thanjavur
48,Smt.    Preneet Kaur,5,2,0,Punjab,INC,Patiala
51,Shri  S.  Gandhiselvan,1,6,1,Tamil Nadu,DMK,Namakkal
52,Dr.  Tusharbhai   A.  Chaudhari,6,1,1,Gujarat,INC,Bardoli
53,Shri  Pratik  Patil,6,1,1,Maharashtra,INC,Sangli
54,Shri  R.P.N.  Singh,3,4,1,Uttar Pradesh,INC,Kushinagar
55,Dr.  Shashi  Tharoor,4,3,1,Kerala,INC,Thiruvananthapuram
56,Shri  Pradeep  Jain   Aditya,1,6,1,Uttar Pradesh,INC,Jhansi
57,Shri  K. C.  Venugopal,7,0,1,Kerala,INC,Alappuzha
58,Dr.  Charan Das  Mahant,7,0,1,Chattisgarh,INC,Korba
59,Shri  Milind  Deora,3,4,1,Maharashtra,INC,Mumbai South
60,Shri    Kodikunnil  Suresh,5,2,1,Kerala,INC,Mavelikkara
62,Shri  K. J.S.P.  Reddy,4,3,1,Andhra Pradesh,INC,
63,Shri  A.H.   Khan  Choudhury,6,1,1,West Bengal,INC,Maldaha Dakshin
64,Shri  Adhir Ranjan  Chowdhury,5,2,1,West Bengal,INC,Baharampur
65,Smt.  Ranee  Narah,7,0,0,Assam,INC,Lakhimpur
66,Shri   Sarvey  Sathyanarayana,7,0,1,Andhra Pradesh,INC,
67,Shri  Ninong  Ering,7,0,1,Arunachal Pradesh,INC,
68,Smt.  Deepa  Dasmunsi,5,2,0,West Bengal,INC,
69,Shri  P.  Balram  Naik,6,1,1,Andhra Pradesh,INC,
70,Dr.  Krupa Rani  Killi,6,1,0,Andhra Pradesh,INC,
71,Shri  Lal Chand  Kataria,7,0,1,Rajasthan,INC,
72,Shri  Sandeep  Dikshit,6,1,1,NCT of Delhi,INC,
73,Shri  J.M.  Aaron Rashid,5,2,1,Tamil Nadu,INC,
74,Shri  Arun  Yadav,4,3,1,Madhya Pradesh,INC,
75,Shri  Naveen  Jindal,6,1,1,Haryana,INC,
76,Shri  Madhu Goud  Yaskhi,6,1,1,Andhra Pradesh,INC,
77,Shri  Satpal  Maharaj,7,0,1,Uttarakhand,INC,
78,Shri  Vincent H.  Pala,7,0,1,Uttarakhand,INC,
78,Shri  Vijay  Bahuguna,7,0,1,Uttarakhand,INC,
78,Shri  Vincent H.  Pala,7,0,1,Meghalaya,INC,
78,Shri  Vijay  Bahuguna,7,0,1,Meghalaya,INC,
79,Shri  Madan Lal  Sharma,7,0,1,Jammu and Kashmir,INC,
80,Chaudhary  Lal  Singh,6,1,1,Jammu and Kashmir,INC,
81,Shri  Mohammed  Azharuddin,7,0,1,Uttar Pradesh,INC,
82,Shri  Hamdullah  Sayeed,6,1,1,Lakshadweep,INC,
83,Shri  Ashok  Tanwar,7,0,1,Haryana,INC,
84,Shri  K.C.  Singh Baba,6,1,1,Uttarakhand,INC,
85,Shri  Vijay Inder  Singla,5,2,1,Punjab,INC,
88,Shri  Sabbam  Hari,4,3,1,Andhra Pradesh,INC,
89,Shri  Ravneet  Singh,5,2,1,Punjab,INC,
90,Shri  Mahabal  Mishra,7,0,1,NCT of Delhi,INC,
91,Shri  Ramesh  Kumar,7,0,1,NCT of Delhi,INC,
92,Shri  Ismail Hussain,7,0,1,Assam,INC,
93,Shri  Mohammad Asrarul  Haque,7,0,1,Bihar,INC,
94,Shri  Takam  Sanjoy,7,0,1,Arunachal Pradesh,INC,
95,Shri  Mahadev  Singh,3,4,1,Rajasthan,INC,
97,Shri  P.  Viswanathan,6,1,1,Tamil Nadu,INC,
98,Shri  Sheesh Ram  Ola,5,2,1,Rajasthan,INC,
99,Shri  T.R.  Baalu,7,0,1,Tamil Nadu,DMK,
100,Shri  Vilasrao Baburao  Muttemwar,2,5,1,Maharashtra,INC,
101,Shri  Manikrao Hodlya  Gavit,3,4,1,Maharashtra,INC,
102,Shri  Suresh  Kalmadi,7,0,1,Maharashtra,INC,
104,Shri  A. Sai Prathap,2,5,1,Andhra Pradesh,INC,Rajampet
106,Dr.    Chinta Mohan,7,0,1,Andhra Pradesh,INC,Tirupathi
107,Shri  Biren Singh  Engti,7,0,1,Assam,INC,
108,Dr.  Kavuri Samba Siva  Rao,6,1,1,Andhra Pradesh,INC,Eluru
110,Shri  Jai Prakash  Agarwal,7,0,1,NCT of Delhi,INC,
111,Shri  Virbhadra  Singh,3,4,1,Himachal Pradesh,INC,
112,Shri  Datta  Meghe,6,1,1,Maharashtra,INC,
113,Shri   Rayapati S.  Rao,4,3,1,Andhra Pradesh,INC,Guntur
115,Dr.  Manda  Jagannath,6,1,1,Andhra Pradesh,INC,Nagarkurnool
116,Shri  A. Venkatarami  Reddy,7,0,1,Andhra Pradesh,INC,Anantapur
117,Shri  Somabhai Gandalal Koli  Patel,7,0,1,Gujarat,INC,
118,Shri  Avtar Singh  Bhadana,4,3,1,Haryana,INC,
119,Shri  P.C.  Chacko,7,0,1,Kerala,INC,Thrissur
120,Dr.  Girija  Vyas,7,0,0,Rajasthan,INC,Chittorgarh
121,Shri  Inderjit Singh  Rao,5,2,1,Haryana,INC,Gurgaon
122,Shri  Mukul  Wasnik,2,5,1,Maharashtra,INC,Ramtek
123,Shri  Sanjay  Nirupam,5,2,1,Maharashtra,INC,Mumbai North
124,Shri  Dip  Gogoi,6,1,1,Assam,INC,Kaliabor
126,Shri  Francisco  Sardinha,7,0,1,Goa,INC,South Goa
127,Shri  Magunta Srinivasulu  Reddy,5,2,1,Andhra Pradesh,INC,Ongole
128,Shri  N.S.V.  Chitthan,7,0,1,Tamil Nadu,INC,Dindigul
129,Dr.  Arvind Kumar  Sharma,5,2,1,Haryana,INC,
130,Dr.  Sanjay  Singh,7,0,1,Uttar Pradesh,INC,
131,Shri  Jayant  Chaudhary,7,0,1,Uttar Pradesh,RLD,
132,Shri  Bhaskarrao  Patil  Khatgaonkar,4,3,1,Maharashtra,INC,
133,Shri  Deepender Singh  Hooda,7,0,1,Haryana,INC,
134,Shri  Bhakta Charan  Das,5,2,1,Orissa,INC,
135,Shri  Tarachand  Bhagora,7,0,1,Rajasthan,INC,
136,Km.  Agatha K.  Sangma,3,4,0,Meghalaya,INC,
137,Rajkumari  Ratna  Singh,6,1,0,Uttar Pradesh,INC,
138,Smt.  Priya  Dutt,4,3,0,Maharashtra,INC,
139,Smt.  Santosh  Chowdhary,5,2,0,Punjab,INC,
140,Sardar  Sukhdev  Singh    Libra,7,0,1,Punjab,INC,
141,Shri  Gajendra Singh  Rajukhedi,6,1,1,Madhya Pradesh,INC,
142,Shri  Sanjay Singh  Chauhan,7,0,1,Uttar Pradesh,RLD,
143,Shri  Anjan Kumar  Yadav. M,5,2,1,Andhra Pradesh,INC,Secunderabad
144,Shri  Gutha  Sukender Reddy,5,2,1,Andhra Pradesh,INC,Nalgonda
145,Shri  G.V.  Harsha Kumar,5,2,1,Andhra Pradesh,INC,Amalapuram
146,Shri  Aruna Kumar  Vundavalli,7,0,1,Andhra Pradesh,INC,Rajahmundry
147,Shri  S.P.Y.  Reddy,4,3,1,Andhra Pradesh,INC,Nandyal
148,Shri  Lalit  Mohan  Suklabaidya,7,0,1,Assam,INC,
149,Shri  Vikrambhai Arjanbhai  Maadam    Ahir,7,0,1,Gujarat,INC,
150,Shri    Lagadapati   Rajagopal,6,1,1,Andhra Pradesh,INC,Vijayawada
151,Smt.    Botcha Jhansi Lakshmi,7,0,0,Andhra Pradesh,INC,Vizianagaram
153,Shri    Bapiraju  Kanumuru,7,0,1,Andhra Pradesh,INC,Narasapur
154,Shri  Kishan V.  Patel,6,1,1,Gujarat,INC,
155,Shri  Eknath  Gaikwad,7,0,1,Maharashtra,INC,
156,Dr.  Thokchom  Meinya,7,0,1,Manipur,INC,
157,Shri  M.  Krishnaswamy,6,1,1,Tamil Nadu,INC,
158,Dr.  Nirmal  Khatri,7,0,1,Uttar Pradesh,INC,
160,Smt.  Shruti  Choudhry,7,0,0,Haryana,INC,
161,Dr.  Prabha Kishore  Taviad,7,0,0,Gujarat,INC,
162,Smt.  Rajesh Nandini  Singh,7,0,0,Madhya Pradesh,INC,
163,Ms.  Mausam  Noor,7,0,0,West Bengal,INC,
164,Smt.  Sarika  D.S. Baghel,6,1,0,Uttar Pradesh,RLD,
165,Smt.  Annu  Tandon,7,0,0,Uttar Pradesh,INC,
166,Smt.  Meenakshi  Natrajan,5,2,0,Madhya Pradesh,INC,
167,Dr.  Jyoti  Mirdha,7,0,0,Rajasthan,INC,
168,Shri  Devendra  Nagpal,7,0,1,Uttar Pradesh,RLD,
169,Shri  Manicka  Tagore,7,0,1,Tamil Nadu,INC,
170,Shri  Prabhakar  Ponnam,6,1,1,Andhra Pradesh,INC,
171,Shri  Sajjan Singh  Verma,7,0,1,Madhya Pradesh,INC,
172,Shri  Abdul Mannan  Hossain,6,1,1,West Bengal,INC,
173,Shri  S.  Alagiri,7,0,1,Tamil Nadu,INC,
174,Shri  Basori Singh  Masram,6,1,1,Madhya Pradesh,INC,
175,Shri  Kuvarjibhai Mohanbhai  Bavalia,7,0,1,Gujarat,INC,
176,Shri   Vitthalbhai  Harnsrajbhai   Radadiya,3,4,1,Gujarat,INC,
177,Dr.  G.  Vivekanand,6,1,1,Andhra Pradesh,INC,
178,Shri  Suresh Kumar  Shetkar,7,0,1,Andhra Pradesh,INC,
179,Shri  Mukeshkumar  Bheiravdanji  Gadhvi,7,0,1,Gujarat,INC,
180,Shri  Jagdish  Thakor,7,0,1,Gujarat,INC,
181,Shri  Adagooru  Vishwanath,7,0,1,Karnataka,INC,
182,Shri  R.  Dhruvanarayana,7,0,1,Karnataka,INC,
183,Shri  K.  Sudhakaran,7,0,1,Kerala,INC,Kannur
185,Shri  M. K.  Raghavan,7,0,1,Kerala,INC,Kozhikode
186,Shri  K. P.  Dhanapalan,7,0,1,Kerala,INC,Chalakudy
187,Shri  Dara Singh  Chauhan,6,1,1,Uttar Pradesh,BSP,
188,Shri    Lalu Prasad,7,0,1,Bihar,RJD,
190,Shri  T.K.S.  Elangovan,5,2,1,Tamil Nadu,DMK,
191,Shri  Sudip  Bandyopadhyay,6,1,1,West Bengal,AITC,
192,Smt.  Supriya  Sule,6,1,0,Maharashtra,NCP,
193,Shri   Udayanraje  Bhonsle,4,3,1,Maharashtra,NCP,
194,Shri  Sameer  Bhujbal,5,2,1,Maharashtra,NCP,
195,Shri  D.  Venugopal,6,1,1,Tamil Nadu,AIADMK,
196,Shri  Kalyan  Banerjee,7,0,1,West Bengal,AITC,
197,Shri  A.K.S.  Vijayan,6,1,1,Tamil Nadu,DMK,
198,Shri  E.G.  Sugavanam,6,1,1,Tamil Nadu,DMK,
199,Shri    Adhi Sankar,6,1,1,Tamil Nadu,DMK,
200,Dr.  Sanjeev Ganesh  Naik,6,1,1,Maharashtra,NCP,
201,Shri  Asaduddin  Owaisi,6,1,1,Andhra Pradesh,AIMIM,Hyderabad
202,Shri  Sansuma Khunggur  Bwiswmuthiary,5,2,1,Assam,BPF,
203,Dr.  Raghuvansh Prasad  Singh,7,0,1,Bihar,RJD,
204,Shri  Hassan  Khan,7,0,1,Jammu and Kashmir,IND,
205,Shri  Sadashivrao Dadoba  Mandlik,5,2,1,Maharashtra,IND,
206,Shri  R.  Thamaraiselvan,6,1,1,Tamil Nadu,DMK,
207,Shri    Abdul Rahman,4,3,1,Tamil Nadu,DMK,
208,Shri  Somendranath  Mitra,6,1,1,West Bengal,AITC,
209,Shri  Sisir Kumar  Adhikari,1,6,1,West Bengal,AITC,
210,Shri  Badruddin  Ajmal,7,0,1,Assam,AUDF,
211,Shri  Babu Lal  Marandi,5,2,1,Jharkhand,JVMP,
212,Shri  Mirza Mehboob  Beg,7,0,1,Jammu and Kashmir,JKNC,
213,Shri  Jagdambika  Pal,7,0,1,Uttar Pradesh,INC,
214,Shri  N.Dharam  Singh,7,0,1,Karnataka,INC,
215,Shri  H.D.  Kumaraswamy,6,1,1,Karnataka,JDS,
216,Shri  Sultan  Ahmed,1,6,1,West Bengal,AITC,
217,Dr.  Kakoli Ghosh  Dastidar,4,3,1,West Bengal,AITC,
218,Shri  K. R. G.  Reddy,7,0,1,Andhra Pradesh,INC,Bhongir
219,Shri  Rajaiah  Siricilla,7,0,1,Andhra Pradesh,INC,Warangal
220,Shri  Jitendra  Singh Malik,6,1,1,Rajasthan,INC,
221,Shri  P.L.  Punia,7,0,1,Uttar Pradesh,INC,
222,Shri  Kamal  Kishor   Commando,5,2,1,Uttar Pradesh,INC,
223,"Dr.  Vinay Kumar  Panday ""Vinnu""",6,1,1,Uttar Pradesh,INC,
224,Shri  Harsh  Vardhan,2,5,1,Uttar Pradesh,INC,
225,Shri  Praveen Singh  Aron,5,2,1,Uttar Pradesh,INC,
226,Shri  Pradeep  Tamta,7,0,1,Uttarakhand,INC,
227,Shri  S. S.  Ramasubbu,7,0,1,Tamil Nadu,INC,
228,Shri  Sharief Ud Din  Shariq,7,0,1,Jammu and Kashmir,JKNC,
229,Shri  Mahesh  Joshi,7,0,1,Rajasthan,INC,
230,Shri  Ijyaraj  Singh,7,0,1,Rajasthan,INC,
231,Shri  E. T. Muhammed  Basheer,7,0,1,Kerala,MLKSC,
232,Shri  Gopal  Singh  Shekhawat,6,1,1,Rajasthan,INC,
233,Shri  Raghuvir Singh  Meena,7,0,1,Rajasthan,INC,
234,Shri  Harish  Choudhary,7,0,1,Rajasthan,INC,
235,Shri  Badri Ram  Jakhar,7,0,1,Rajasthan,INC,
236,Shri  Khiladi Lal  Bairwa,5,2,1,Rajasthan,INC,
237,Shri  Ratan  Singh,7,0,1,Rajasthan,INC,
238,Shri  Raja Ram  Pal,7,0,1,Uttar Pradesh,INC,
239,Shri  Bharat Ram  Meghwal,7,0,1,Rajasthan,INC,
240,Shri  Zafar Ali  Naqvi,7,0,1,Uttar Pradesh,INC,
243,Shri  Mohinder Singh  Kaypee,4,3,1,Punjab,INC,
244,Shri  Partap Singh  Bajwa,7,0,1,Punjab,INC,
245,Adv.  P. T.  Thomas,7,0,1,Kerala,INC,
246,Shri  M. I.  Shanavas,7,0,1,Kerala,INC,Wayanad
247,Shri  Anto  Antony,7,0,1,Kerala,INC,
248,Shri  N.  Peethambarakurup,7,0,1,Kerala,INC,
249,Shri  Om Prakash  Yadav,4,3,1,Bihar,IND,
250,Shri    Sivakumar @  Ritheesh,4,3,1,Tamil Nadu,DMK,
251,Shri  Sanjay Dina  Patil,7,0,1,Maharashtra,NCP,
252,Shri  Narayan Singh  Amlabe,7,0,1,Madhya Pradesh,INC,
253,Shri  Jose K.  Mani,7,0,1,Kerala,KCM,
254,Shri  Kameshwar  Baitha,1,6,1,Jharkhand,JMM,
255,Shri  N. Cheluvaraya Swamy,5,2,1,Karnataka,BJP,
256,Shri  Thol Thirumaavalavan,7,0,1,Tamil Nadu,VCK,
257,Shri  Prem Das  Rai,7,0,1,Sikkim,SDF,
258,Shri  C. M.  Chang,6,1,1,Nagaland,NPF,
259,Shri   Baliram  Jadhav,7,0,1,Maharashtra,BVA,
260,Shri  Jagada Nand  Singh,6,1,1,Bihar,RJD,
261,Shri  Uma Shanaker  Singh,7,0,1,Bihar,RJD,
262,Smt.  J. Helen Davidson,6,1,0,Tamil Nadu,DMK,
263,Shri  S. R.  Jeyadurai,6,1,1,Tamil Nadu,DMK,
264,Shri  Uday Pratap  Singh,5,2,1,Madhya Pradesh,INC,
265,Shri  Premchand  Guddu,7,0,1,Madhya Pradesh,INC,
266,Shri  Marotrao  Sainuji   Kowase,5,2,1,Maharashtra,INC,
267,Shri   Suresh  Kashinath   Taware,4,3,1,Maharashtra,INC,
268,Shri  Jaywant  Gangaram   Awale,7,0,1,Maharashtra,INC,
269,Dr.  Nilesh N.  Rane,7,0,1,Maharashtra,INC,
270,Shri  Thangso  Baite,7,0,1,Manipur,INC,
271,Shri  Pradeep  Majhi,7,0,1,Orissa,INC,
272,Shri  Amarnath  Pradhan,7,0,1,Orissa,INC,
273,Shri  Hemanand  Biswal,6,1,1,Orissa,INC,
274,Shri  Sanjay  Bhoi,6,1,1,Orissa,INC,
275,Shri  C. L.  Ruala,7,0,1,Mizoram,INC,
276,Shri  Mulayam Singh  Yadav,6,1,1,Uttar Pradesh,SP,
277,Shri  H.D.  Devegowda,6,1,1,Karnataka,JDS,
278,Kunwar  Rewati Raman  Singh,7,0,1,Uttar Pradesh,SP,
279,Dr.    Bali Ram,6,1,1,Uttar Pradesh,BSP,
280,Shri  Gurudas  Das Gupta,7,0,1,West Bengal,CPI,
282,Prof.  Saugata  Ray,7,0,1,West Bengal,AITC,
283,Shri  Shailendra  Kumar,7,0,1,Uttar Pradesh,SP,
284,Shri  Bhisma  Shankar Alias Kushal Tiwari,7,0,1,Uttar Pradesh,BSP,
285,Dr.  M.  Thambidurai,7,0,1,Tamil Nadu,AIADMK,
286,Shri  Akhilesh  Yadav,7,0,1,Uttar Pradesh,SP,
287,Shri  Ashok Kumar  Rawat,7,0,1,Uttar Pradesh,BSP,
288,Dr.  Shafiqur Rahman  Barq,7,0,1,Uttar Pradesh,BSP,
289,Shri  Baju Ban  Riyan,7,0,1,Tripura,CPIM,
290,Shri  S.  Semmalai,7,0,1,Tamil Nadu,AIADMK,
291,Shri  Kalyan  Singh,6,1,1,Uttar Pradesh,IND,
292,Shri  Brij Bhushan Sharan  Singh,7,0,1,Uttar Pradesh,SP,
293,Shri  Tufani  Saroj,7,0,1,Uttar Pradesh,SP,
294,Shri  Jagdish Singh  Rana,7,0,1,Uttar Pradesh,BSP,Saharanpur
295,Shri  Vijay Bahadur  Singh,7,0,1,Uttar Pradesh,BSP,
296,Dr.  Ram Chandra  Dome,7,0,1,West Bengal,CPIM,
297,Shri  Khagen  Das,7,0,1,Tripura,CPIM,
298,Shri  O. S.  Manian,7,0,1,Tamil Nadu,AIADMK,
299,Shri  R.K. Singh  Patel,7,0,1,Uttar Pradesh,SP,
300,Smt.  Sushila  Saroj,7,0,0,Uttar Pradesh,SP,
301,Smt.  Seema  Upadhyay,6,1,0,Uttar Pradesh,BSP,
302,Smt. Tabassum  Hasan,4,3,0,Uttar Pradesh,BSP,
303,Shri  Prabodh  Panda,6,1,1,West Bengal,CPI,
304,Shri  Bansagopal  Chowdhury,6,1,1,West Bengal,CPIM,
305,Shri  P.  Venugopal,7,0,1,Tamil Nadu,AIADMK,
306,Shri  C.  Rajendran,7,0,1,Haryana,HJC,
306,Shri    Bhajan Lal,6,1,1,Haryana,HJC,
306,Shri  C.  Rajendran,7,0,1,Tamil Nadu,AIADMK,
306,Shri    Bhajan Lal,6,1,1,Tamil Nadu,AIADMK,
307,Shri  Madhu  Koda,7,0,1,Jharkhand,IND,
308,Choudhury Mohan  Jatua,2,5,1,West Bengal,AITC,
309,Shri  S.K. Nurul  Islam,4,3,1,West Bengal,AITC,
310,Shri    Ramkishun,7,0,1,Uttar Pradesh,SP,
311,Shri  Rakesh  Sachan,7,0,1,Uttar Pradesh,SP,
312,Smt.  Raj Kumari  Chauhan,6,1,0,Uttar Pradesh,BSP,
313,Smt.  Kaisar  Jahan,5,2,0,Uttar Pradesh,BSP,
314,Shri  P.R.  Natarajan,7,0,1,Tamil Nadu,CPIM,
315,Adv.  A.  Sampath,7,0,1,Kerala,CPIM,
316,Shri  Manohar  Tirkey,7,0,1,West Bengal,RSP,
317,Shri  M.  Anandan,7,0,1,Tamil Nadu,AIADMK,
318,Shri  Dinesh  Trivedi,5,2,1,West Bengal,AITC,
319,Shri  Gobinda Chandra  Naskar,6,1,1,West Bengal,AITC,
320,Shri  Premdas  Katheria,7,0,1,Uttar Pradesh,SP,
321,Shri  Dharmendra  Yadav,6,1,1,Uttar Pradesh,SP,
322,Shri  Neeraj  Shekhar,6,1,1,Uttar Pradesh,SP,
323,Shri    Gorakhnath  Pandey,7,0,1,Uttar Pradesh,BSP,
324,Shri  Dhananjay  Singh,7,0,1,Uttar Pradesh,BSP,
325,Smt.  Susmita  Bauri,6,1,0,West Bengal,CPIM,
326,Dr.  Anup Kumar  Saha,7,0,1,West Bengal,CPIM,
327,Shri  Pulin Bihari  Baske,7,0,1,West Bengal,CPIM,
328,Shri  K.  Sugumar,7,0,1,Tamil Nadu,AIADMK,
329,Shri  Ambica  Banerjee,7,0,1,West Bengal,AITC,
330,Shri    Suvendu   Adhikari,2,5,1,West Bengal,AITC,
331,Smt.  Usha  Verma,5,2,0,Uttar Pradesh,SP,
332,Shri  Bal Kumar  Patel,7,0,1,Uttar Pradesh,SP,
333,Shri  Rakesh  Pandey,5,2,1,Uttar Pradesh,BSP,
334,Shri  Gorakh Prasad  Jaiswal,7,0,1,Uttar Pradesh,BSP,
335,Sk.   Saidul  Haque,7,0,1,West Bengal,CPIM,
336,Shri  Mahendra Kumar  Roy,7,0,1,West Bengal,CPIM,
337,Shri  C.  Sivasami,7,0,1,Tamil Nadu,AIADMK,
338,Smt.  Satabdi  Roy,7,0,0,West Bengal,AITC,
339,Shri  Tapas  Paul,3,4,1,West Bengal,AITC,
340,Dr.  Sucharu Ranjan  Haldar,7,0,1,West Bengal,AITC,
341,Shri  Pakauri  Lal,7,0,1,Uttar Pradesh,SP,
342,Shri  Ghanshyam  Anuragi,7,0,1,Uttar Pradesh,SP,
343,Shri  Kamlesh  Balmiki,5,2,1,Uttar Pradesh,SP,
344,Shri  Arvind Kumar  Chaudhary,7,0,1,Uttar Pradesh,BSP,
345,Shri  Deoraj Singh  Patel,6,1,1,Madhya Pradesh,BSP,
346,Shri  Ramashankar  Rajbhar,7,0,1,Uttar Pradesh,BSP,
347,Shri  P. K.  Biju,6,1,1,Kerala,CPIM,
348,Shri  M. B.  Rajesh,7,0,1,Kerala,CPIM,
349,Shri  P.  Lingam,7,0,1,Tamil Nadu,CPI,
350,Shri  P.  Kumar,7,0,1,Tamil Nadu,AIADMK,
351,Dr.  Padamsinha  Bajirao  Patil,2,5,1,Maharashtra,NCP,
352,Dr.  Ratna  De (Nag),6,1,0,West Bengal,AITC,
353,Shri  Kabir  Suman,7,0,1,West Bengal,AITC,
354,Shri    Mithlesh Kumar,7,0,1,Uttar Pradesh,SP,
355,Shri  Yashvir  Singh,7,0,1,Uttar Pradesh,SP,
356,Shri  Radhey Mohan  Singh,5,2,1,Uttar Pradesh,SP,
357,Shri  Kapil Muni  Karwariya,6,1,1,Uttar Pradesh,BSP,
358,Shri  Surendra Singh  Nagar,6,1,1,Uttar Pradesh,BSP,
359,Shri  Kadir  Rana,7,0,1,Uttar Pradesh,BSP,Muzaffarnagar
360,Shri  Bibhu Prasad  Tarai,5,2,1,Orissa,CPI,Jagatsinghpur
361,Shri  Sakti  Mohan   Malik,7,0,1,West Bengal,CPIM,Arambagh
362,Shri  Prasanta Kumar  Majumdar,7,0,1,West Bengal,RSP,Balurghat
363,Shri  Mekapati Rajamohan  Reddy,7,0,1,Andhra Pradesh,YSRCP,Nellore
364,Dr.  Tarun  Mondal,4,3,1,West Bengal,SUCI,Jaynagar
365,Shri  Basudeb  Acharia,7,0,1,West Bengal,CPIM,Bankura
366,Shri  Sharad  Yadav,3,4,1,Bihar,JDU,Madhepura
367,Shri  Arjun Charan  Sethi,6,1,1,Orissa,BJD,Bhadrak
368,Shri  Anant Gangaram  Geete,6,1,1,Maharashtra,SS,Raigad
369,Shri  Ram Sundar  Das,7,0,1,Bihar,JDU,Hajipur
370,Shri  Bhartruhari  Mahtab,7,0,1,Orissa,BJD,Cuttack
371,Shri  P.  Karunakaran,7,0,1,Kerala,CPIM,Kasaragod
372,Shri  Chandrakant  Khaire,5,2,1,Maharashtra,SS,
373,Shri  Anandrao  Adsul,4,3,1,Maharashtra,SS,
374,Shri  Rajiv Ranjan  Singh  @ Lalan Singh,7,0,1,Bihar,JDU,
375,Shri  K. Chandrasekhar  Rao,1,6,1,Andhra Pradesh,TRS,Mahbubnagar
376,Dr.  Rattan Singh  Ajnala,7,0,1,Punjab,SAD,
377,Shri  Prasanna  Kumar Patasani,5,2,1,Orissa,BJD,
378,Smt.  Bhavana  Gawali,4,3,0,Maharashtra,SS,
379,Shri  Dinesh Chandra  Yadav,7,0,1,Bihar,JDU,
380,Shri   Mangani Lal  Mandal,7,0,1,Bihar,JDU,
381,Shri  Inder Singh  Namdhari,7,0,1,Bihar,IND,
381,Shri  Digvijay  Singh,5,2,1,Bihar,IND,
381,Shri  Inder Singh  Namdhari,7,0,1,Jharkhand,IND,
381,Shri  Digvijay  Singh,5,2,1,Jharkhand,IND,
382,Smt.  Jaya Prada  Nahata,6,1,0,UP,SP,Rampur
383,Shri  Tathagata  Satpathy,4,3,1,Orissa,BJD,
384,Shri  Shivaji  Adhalrao Patil,5,2,1,Maharashtra,SS,
385,Dr.  Ranjan Prasad  Yadav,6,1,1,Bihar,JDU,
386,Capt.(Retd.)  Jainarayan Prasad  Nishad,7,0,1,Bihar,JDU,
387,Dr.  Monazir  Hassan,6,1,1,Bihar,JDU,
388,Shri  Nama Nageswara  Rao,7,0,1,Andhra Pradesh,TDP,Khammam
389,Smt.  Harsimrat Kaur  Badal,7,0,0,Punjab,SAD,Bathinda
390,Smt.  Paramjit Kaur  Gulshan,7,0,0,Punjab,SAD,Faridkot
391,Shri  Mohan  Jena,7,0,1,Orissa,BJD,Jajpur
392,Shri  Anand Prakash  Paranjpe,6,1,1,Maharashtra,SS,Kalyan
393,Shri  Jagdish  Sharma,7,0,1,Bigar,JDU,Jahanabad
394,Shri  Sushil Kumar  Singh,5,2,1,Bihar,JDU,Aurangabad
396,Shri  Narahari  Mahato,7,0,1,West Bengal,AIFB,Purulia
397,Shri  Ramesh  Rathod,7,0,1,Andhra Pradesh,TDP,Adilabad
398,Ms.  M. Vijaya  Shanthi,2,5,0,Andhra Pradesh,TRS,Medak
399,Shri  Pinaki  Misra,2,5,1,Andhra Pradesh,BJD,Puri
400,Shri  Baijayant  Panda,6,1,1,Orissa,BJD,Kendrapara
402,Shri  Vishwa Mohan  Kumar,7,0,1,Bihar,JDU,Supaul
403,Shri  Baidyanath Prasad  Mahto,7,0,1,Bihar,JDU,Valmiki Nagar
404,Shri  Angadi Suresh  Channabasappa,7,0,1,Karnataka,BJP,Belgaum
405,Shri  Ramen  Deka,7,0,1,Assam,BJP,Mangaldoi
406,Smt.    Rama Devi,7,0,0,Bihar,BJP,Sheohar
407,Shri  Nripendra Nath  Roy,6,1,1,West Bengal,AIFB,Cooch Behar
408,Shri  K. Narayana  Rao,7,0,1,Andhra Pradesh,TDP,Machilipatnam
409,Shri  Jayaram  Pangi,7,0,1,Orissa,BJD,Koraput
410,Shri  Rudramadhab  Ray,6,1,1,Orissa,BJD,Kandhamal
411,Shri  A.  Ganeshamurthi,5,2,1,Tamil Nadu,MDMK,Erode
412,Shri   Prataprao  Ganpatrao Jadhav,6,1,1,Maharashtra,SS,Buldhana
413,Shri  Arjun  Roy,7,0,1,Bihar,JDU,Sitamarhi
414,Smt.  Aswamedh  Devi,7,0,0,Bihar,JDU,Ujiarpur
415,Shri  P. C.  Mohan,7,0,1,Karnataka,BJP,Bangalore Central
416,Shri  Jeetendra Singh  Bundela,7,0,1,Madhya Pradesh,BJP,Khajuraho
417,Shri  Hari  Manjhi,7,0,1,Bihar,BJP,Gaya
418,Shri  Modugula Venugopala  Reddy,7,0,1,Andhra Pradesh,TDP,Narasaraopet
419,Shri  Naramalli  Sivaprasad,7,0,1,Andhra Pradesh,TDP,Chittoor
420,Dr.  Kirodi  Lal  Meena,6,1,1,Rajasthan,IND,Dausa
421,Shri  Nityananda  Pradhan,7,0,1,Orissa,BJD,Aska
422,Shri  Subhash Bapurao  Wankhede,4,3,1,Maharashtra,SS,Hingoli
423,Shri  Mahabali  Singh,6,1,1,Bihar,JDU,Karakat
424,Shri  Purnmasi  Ram,7,0,1,Bihar,JDU,Gopalgunj
425,Smt.  Darshana  Jardosh,7,0,0,Gujarat,BJP,Surat
426,Kum.  Saroj  Pandey,6,1,0,Chattisgarh,BJP,Durg
427,Shri  Yashbant N.S.  Laguri,6,1,1,Orissa,BJD,Keonjhar
428,Shri  Kalikesh N. Singh  Deo,7,0,1,Orissa,BJD,Bolangir
429,Shri  Kristappa  Nimmala,7,0,1,Andhra Pradesh,TDP,Hindupur
430,Shri  Y.S.Jagan Mohan  Reddy,7,0,1,Andhra Pradesh,YSRCP,Kadapa
431,Shri  Gajanan D.  Babar,7,0,1,Maharashtra,SS,Maval
432,Adv.   Ganeshrao  Nagorao Dudhgaonkar,6,1,1,Maharashtra,SS,Parbhani
433,Smt.  Meena  Singh,6,1,0,Bihar,JDU,Arrah
434,Shri  Bhudeo  Choudhary,7,0,1,Bihar,JDU,Jamui
435,Shri   Bhausaheb  Rajaram   Wakchaure,6,1,1,Maharashtra,SS,Shirdi
436,Shri  Kamlesh  Paswan,4,3,1,Uttar Pradesh,BJP,Bansgaon
437,Prof.(Dr.)  Ram Shankar  Katheria,6,1,1,Uttar Pradesh,BJP,Agra
438,Shri  Rajendra  Agarwal,6,1,1,Uttar Pradesh,BJP,Meerut
439,Shri    Varun  Gandhi,2,5,1,Uttar Pradesh,BJP,Pilibhit
440,Shri   Raju Shetti,4,3,1,Maharashtra,Swabhimani Paksha,Hatkanangle
441,Shri  Sidhant  Mohapatra,7,0,1,Orissa,BJD,
442,Shri  Laxman  Tudu,5,2,1,Orissa,BJD,Maruybhanj
444,Shri  Kaushalendra  Kumar,7,0,1,Bihar,JDU,Nalanda
445,Shri  Maheshwar  Hazari,7,0,1,Bihar,JDU,Samastipur
446,Shri  Sher Singh  Ghubaya,4,3,1,Punjab,SAD,Ferozpur
447,Shri  Joseph  Toppo,7,0,1,Assam,AGP,Tezpur
448,Shri  Virender  Kashyap,6,1,1,Himachal Pradesh,BJP,Shimla
449,Shri  Shivarama  Gouda,7,0,1,Karnataka,BJP,Koppal
450,Shri  Udasi Shivkumar  Chanabasappa,7,0,1,Karnataka,BJP,Haveri
451,Dr.  Rajan  Sushant,7,0,1,Himachal Pradesh,BJP,Kangra
452,Shri  Ramesh  Vishwanath   Katti,7,0,1,Karnataka,BJP,Chikkodi
453,Shri  S.  Pakkirappa,5,2,1,Karnataka,BJP,Raichur
454,Dr.  Murli Manohar  Joshi,7,0,1,Uttar Pradesh,BJP,Varanasi
455,Shri  Rajnath  Singh,7,0,1,Uttar Pradesh,BJP,Ghaziabad
456,Shri   Gopinathrao  Pandurang   Munde,7,0,1,Maharashtra,BJP,Beed
458,Smt.  Sushma  Swaraj,5,2,0,Madhya Pradesh,BJP,Vidisha
459,Shri  Karia  Munda,6,1,1,Jharkhand,BJP,Khunti
460,Shri  Shatrughan  Sinha,4,3,1,Bihar,BJP,Patna Sahib
461,Shri  Syed Shahnawaz  Hussain,6,1,1,Bihar,BJP,Bhagalpur
462,Shri  Hukamdeo Narayan  Yadav,7,0,1,Bihar,BJP,Madhubani
463,Shri  Yashwant  Sinha,7,0,1,Jharkhand,BJP,Hazaribagh
464,Shri  Ramesh  Bais,7,0,1,Chattisgarh,BJP,Raipur
465,Shri    Ananth Kumar,7,0,1,Karnataka,BJP,Bangalore South
466,Shri  Jaswant  Singh,4,3,1,West Bengal,BJP,Darjeeling
467,Smt.  Maneka  Gandhi,6,1,0,Uttar Pradesh,BJP,Aonla
468,Shri  Kabindra  Purkayastha,7,0,1,Assam,BJP,Silchar
469,Shri  Dilip Singh  Judev,7,0,1,Chattisgarh,BJP,Bilaspur
470,Smt.  Bijoya  Chakravarty,7,0,0,Assam,BJP,Gauhati
471,Shri  Harin  Pathak,7,0,1,Gujarat,BJP,Ahmedabad East
472,Shri  Arjun  Munda,6,1,1,Jharkhand,BJP,
473,Shri  Kailash  Joshi,7,0,1,Madhya Pradesh,BJP,Bhopal
474,Smt.  Sumitra  Mahajan,7,0,0,Madhya Pradesh,BJP,Indore
475,Shri  Yogi  Adityanath,7,0,1,Uttar Pradesh,BJP,Gorakhpur
476,Shri  Rajendrasinh  Rana,7,0,1,Gujarat,BJP,Bhavnagar
477,Shri  Narendra Singh  Tomar,5,2,1,Madhya Pradesh,BJP,Morena
478,Smt.  Yashodhara Raje  Scindia,6,1,0,Madhya Pradesh,BJP,Gwalior
478,Shri  D.V. Sadananda  Gowda,6,1,0,Madhya Pradesh,BJP,Gwalior
478,Smt.  Yashodhara Raje  Scindia,6,1,1,Karnataka,BJP,
478,Shri  D.V. Sadananda  Gowda,6,1,1,Karnataka,BJP,
479,Shri  Vishnu Deo  Sai,7,0,1,Chattisgarh,BJP,
480,Shri  Radha Mohan  Singh,7,0,1,Bihar,BJP,
481,Shri  Shripad Yesso  Naik,5,2,1,Goa,BJP,
482,Shri  Nikhil Kumar  Choudhary,4,3,1,Bihar,BJP,
483,Shri  Dilip Kumar Mansukhlal  Gandhi,7,0,1,Maharashtra,BJP,
484,Shri  Anant Kumar  Hegde,7,0,1,Karnataka,BJP,
485,Shri  Ramakant  Yadav,4,3,1,Uttar Pradesh,BJP,
486,Shri  Ram Singh  Kaswan,6,1,1,Rajasthan,BJP,
487,Shri  Mansukhbhai Dhanjibhai  Vasava,5,2,1,Gujarat,BJP,
488,Shri  G.S.  Basavaraj,7,0,1,Karnataka,BJP,
489,Shri  D.B. Chandre  Gowda,6,1,1,Karnataka,BJP,
490,Shri  Lalji  Tandon,7,0,1,,,
490,Shri  Baliram  Kashyap,1,6,1,,,
490,Shri  Lalji  Tandon,7,0,1,Uttar Pradesh,BJP,
490,Shri  Baliram  Kashyap,1,6,1,Uttar Pradesh,BJP,
491,Shri  Ashok  Argal,7,0,1,Madhya Pradesh,BJP,
492,Shri    Virendra Kumar,7,0,1,Madhya Pradesh,BJP,
493,Shri  Ganesh  Singh,7,0,1,Madhya Pradesh,BJP,
494,Shri  Rakesh  Singh,7,0,1,Madhya Pradesh,BJP,
495,Shri  Anurag Singh  Thakur,2,5,1,Himachal Pradesh,BJP,
496,Shri  Raosaheb  Dadarao  Danve,7,0,1,Maharashtra,BJP,
497,Shri  Rajen  Gohain,7,0,1,Assam,BJP,
498,Shri  Hansraj Gangaram  Ahir,6,1,1,Maharashtra,BJP,
499,Shri  Sohan  Potai,5,2,1,Chattisgarh,BJP,
500,Shri  Ramsinhbhai Patalbhai  Rathwa,6,1,1,Gujarat,BJP,
501,Shri  Ramesh Chandappa  Jigajinagi,5,2,1,Karnataka,BJP,
502,Shri  Ravindra Kumar  Pandey,7,0,1,Jharkhand,BJP,
503,Shri  Kirti  Azad,7,0,1,Bihar,BJP,
504,Shri  Prahlad  Joshi,7,0,1,Karnataka,BJP,
505,Shri  Sanjay  Dhotre,6,1,1,Maharashtra,BJP,
506,Shri  P.C.  Gaddigoudar,7,0,1,Karnataka,BJP,
507,Shri  Navjot Singh  Sidhu,4,3,1,Punjab,BJP,
508,Shri  Harischandra Deoram  Chavan,4,3,1,Maharashtra,BJP,
509,Shri  Haribhau  Jawale,7,0,1,Maharashtra,BJP,
510,Shri   G.M.  Siddeswara,6,1,1,Karnataka,BJP,
511,Shri  Dushyant  Singh,7,0,1,Rajasthan,BJP,
512,Shri  Bishnu Pada  Ray,5,2,1,Andaman and Nicobar Islands,BJP,
513,Shri  Uday  Singh,2,5,1,Bihar,BJP,
514,Shri  Govind Prasad  Mishra,7,0,1,Madhya Pradesh,BJP,
515,Shri  Dinubhai  Boghabhal   Solanki,4,3,1,Gujarat,BJP,
516,Shri  Chandulal Sahu  Chandu Bhaiya,6,1,1,Chattisgarh,BJP,
517,Shri  Bhupendra  Singh,7,0,1,Madhya Pradesh,BJP,
518,Shri  Sudarshan  Bhagat,7,0,1,Jharkhand,BJP,
519,Dr.  Sanjay  Jaiswal,5,2,1,Bihar,BJP,
520,Shri  Prabhatsinh  Pratapsinh Chauhan,5,2,1,Gujarat,BJP,
521,Shri  Pashupati Nath  Singh,7,0,1,Jharkhand,BJP,
523,Shri  Devidhan  Besra,7,0,1,Jharkhand,BJP,
524,Dr.  Bhola  Singh,7,0,1,Bihar,BJP,
525,Shri  Devji M.  Patel,6,1,1,Rajasthan,BJP,
526,Shri  C. R.  Patil,7,0,1,Gujarat,BJP,
527,Shri  Balkrishna Khanderao  Shukla,6,1,1,Gujarat,BJP,
528,Shri  B. Y.  Raghavendra,6,1,1,Karnataka,BJP,
529,Shri  Arjun Ram  Meghwal,7,0,1,Rajasthan,BJP,
530,Shri  A.T. Nana  Patil,7,0,1,Maharashtra,BJP,
531,Shri  Shivraj  Bhaiya,7,0,1,Madhya Pradesh,BJP,
532,Shri  Sonawane  Pratap Narayanrao,7,0,1,Maharashtra,BJP,
533,Shri  Pradeep Kumar  Singh,7,0,1,Bihar,BJP,
534,Shri  Makhansingh  Solanki,6,1,1,Madhya Pradesh,BJP,Khargone
535,Shri  Chauhan  Mahendrasinh,7,0,1,Gujarat,BJP,Sabarkantha
536,Shri  Madhusudan  Yadav,7,0,1,Chattisgarh,BJP,Rajnandgaon
537,Shri  Lalubhai  B.  Patel,7,0,1,Daman and Diu,BJP,Daman and Diu
538,Dr.  Kiritbhai  Premajibhai    Solanki,7,0,1,Gujarat,BJP,Ahmedabad West
539,Shri  K. D.  Deshmukh,5,2,1,Madhya Pradesh,BJP,Balaghat
540,Shri  Janardhana  Swamy,7,0,1,Karnataka,BJP,Chitradurga
541,Smt.  Kamla Devi  Patle,5,2,0,Chattisgarh,BJP,Janjgir-champa
542,Smt.  Jyoti  Dhurve,4,3,0,Madhya Pradesh,BJP,Betul
543,Ms.  J.  Shantha,5,2,0,Karnataka,BJP,Bellary
544,Smt.  Jayshreeben  Kanubhai    Patel,7,0,0,Gujarat,BJP,Mahesana
545,Shri  Nishikant  Dubey,7,0,1,Jharkhand,BJP,Godda
546,Shri  Natubhai Gomanbhai  Patel,6,1,1,Dadra and Nagar Haveli,BJP,Dadra and Nagar Haveli
547,Shri    Naranbhai   Kachhadia,7,0,1,Gujarat,BJP,Amreli
548,Shri  Nalin Kumar  Kateel,5,2,1,Karnataka,BJP,Dakshina Kannada
549,Shri  Murarilal  Singh,4,3,1,Chattisgarh,BJP,Sarguja
550,Smt.  Jat Poonamben  Veljibhai,7,0,0,Gujarat,BJP,Kachchh
